[
null,
{"id":1,"list":[{"code":121,"indent":0,"parameters":[1,1,0]},{"code":230,"indent":0,"parameters":[360]},{"code":122,"indent":0,"parameters":[4,4,1,0,1]},{"code":111,"indent":0,"parameters":[1,4,0,240,1]},{"code":122,"indent":1,"parameters":[7,7,1,0,1]},{"code":122,"indent":1,"parameters":[4,4,0,0,0]},{"code":122,"indent":1,"parameters":[6,6,0,1,4]},{"code":122,"indent":1,"parameters":[6,6,4,0,10]},{"code":122,"indent":1,"parameters":[5,5,0,1,4]},{"code":122,"indent":1,"parameters":[6,6,5,0,10]},{"code":0,"indent":1,"parameters":[]},{"code":411,"indent":0,"parameters":[]},{"code":122,"indent":1,"parameters":[6,6,0,1,4]},{"code":122,"indent":1,"parameters":[6,6,4,0,10]},{"code":122,"indent":1,"parameters":[5,5,0,1,4]},{"code":122,"indent":1,"parameters":[6,6,5,0,10]},{"code":0,"indent":1,"parameters":[]},{"code":412,"indent":0,"parameters":[]},{"code":0,"indent":0,"parameters":[]}],"name":"Time System","switchId":1,"trigger":2},
{"id":2,"list":[{"code":111,"indent":0,"parameters":[0,1,0]},{"code":111,"indent":1,"parameters":[1,4,0,60,4]},{"code":234,"indent":2,"parameters":[1,[68,85,0,0],60,true]},{"code":0,"indent":2,"parameters":[]},{"code":411,"indent":1,"parameters":[]},{"code":111,"indent":2,"parameters":[1,4,0,120,4]},{"code":234,"indent":3,"parameters":[1,[0,0,0,0],60,true]},{"code":0,"indent":3,"parameters":[]},{"code":411,"indent":2,"parameters":[]},{"code":111,"indent":3,"parameters":[1,4,0,180,4]},{"code":234,"indent":4,"parameters":[1,[68,-34,-34,0],60,true]},{"code":0,"indent":4,"parameters":[]},{"code":411,"indent":3,"parameters":[]},{"code":234,"indent":4,"parameters":[1,[-68,-68,0,68],60,true]},{"code":0,"indent":4,"parameters":[]},{"code":412,"indent":3,"parameters":[]},{"code":0,"indent":3,"parameters":[]},{"code":412,"indent":2,"parameters":[]},{"code":0,"indent":2,"parameters":[]},{"code":412,"indent":1,"parameters":[]},{"code":0,"indent":1,"parameters":[]},{"code":411,"indent":0,"parameters":[]},{"code":0,"indent":1,"parameters":[]},{"code":412,"indent":0,"parameters":[]},{"code":0,"indent":0,"parameters":[]}],"name":"Day/Night","switchId":1,"trigger":1},
{"id":3,"list":[{"code":0,"indent":0,"parameters":[]}],"name":"Tutorial","switchId":1,"trigger":0},
{"id":4,"list":[{"code":0,"indent":0,"parameters":[]}],"name":"","switchId":1,"trigger":0},
{"id":5,"list":[{"code":0,"indent":0,"parameters":[]}],"name":"","switchId":1,"trigger":0},
{"id":6,"list":[{"code":101,"indent":0,"parameters":["",0,0,2]},{"code":401,"indent":0,"parameters":["Would you like to fish?"]},{"code":102,"indent":0,"parameters":[["Yes","No"],1,0,2,0]},{"code":402,"indent":0,"parameters":[0,"Yes"]},{"code":250,"indent":1,"parameters":[{"name":"Water1","volume":90,"pitch":100,"pan":0}]},{"code":230,"indent":1,"parameters":[180]},{"code":122,"indent":1,"parameters":[1,1,0,2,0,100]},{"code":111,"indent":1,"parameters":[1,1,0,50,3]},{"code":213,"indent":2,"parameters":[-1,1,false]},{"code":101,"indent":2,"parameters":["",0,0,2]},{"code":401,"indent":2,"parameters":["You caught a \\I[260] \\C[6]Small Fish\\C[0]!"]},{"code":126,"indent":2,"parameters":[11,0,0,1]},{"code":0,"indent":2,"parameters":[]},{"code":411,"indent":1,"parameters":[]},{"code":101,"indent":2,"parameters":["",0,0,2]},{"code":401,"indent":2,"parameters":["Looks like the fish aren't biting today..."]},{"code":0,"indent":2,"parameters":[]},{"code":412,"indent":1,"parameters":[]},{"code":0,"indent":1,"parameters":[]},{"code":402,"indent":0,"parameters":[1,"No"]},{"code":0,"indent":1,"parameters":[]},{"code":404,"indent":0,"parameters":[]},{"code":0,"indent":0,"parameters":[]}],"name":"Fishing_pond","switchId":1,"trigger":0},
{"id":7,"list":[{"code":101,"indent":0,"parameters":["",0,0,2]},{"code":401,"indent":0,"parameters":["Would you like to fish?"]},{"code":102,"indent":0,"parameters":[["Yes","No"],1,0,2,0]},{"code":402,"indent":0,"parameters":[0,"Yes"]},{"code":250,"indent":1,"parameters":[{"name":"Water1","volume":90,"pitch":100,"pan":0}]},{"code":230,"indent":1,"parameters":[180]},{"code":122,"indent":1,"parameters":[1,1,0,2,0,100]},{"code":111,"indent":1,"parameters":[1,1,0,70,3]},{"code":213,"indent":2,"parameters":[-1,1,false]},{"code":101,"indent":2,"parameters":["",0,0,2]},{"code":401,"indent":2,"parameters":["You caught a \\I[260] \\C[6]Fish\\C[0]!"]},{"code":126,"indent":2,"parameters":[12,0,0,1]},{"code":0,"indent":2,"parameters":[]},{"code":411,"indent":1,"parameters":[]},{"code":101,"indent":2,"parameters":["",0,0,2]},{"code":401,"indent":2,"parameters":["Looks like the fish aren't biting today..."]},{"code":0,"indent":2,"parameters":[]},{"code":412,"indent":1,"parameters":[]},{"code":0,"indent":1,"parameters":[]},{"code":402,"indent":0,"parameters":[1,"No"]},{"code":0,"indent":1,"parameters":[]},{"code":404,"indent":0,"parameters":[]},{"code":0,"indent":0,"parameters":[]}],"name":"Fishing_river","switchId":1,"trigger":0},
{"id":8,"list":[{"code":101,"indent":0,"parameters":["",0,0,2]},{"code":401,"indent":0,"parameters":["Would you like to fish?"]},{"code":102,"indent":0,"parameters":[["Yes","No"],1,0,2,0]},{"code":402,"indent":0,"parameters":[0,"Yes"]},{"code":250,"indent":1,"parameters":[{"name":"Water1","volume":90,"pitch":100,"pan":0}]},{"code":230,"indent":1,"parameters":[180]},{"code":122,"indent":1,"parameters":[1,1,0,2,0,100]},{"code":111,"indent":1,"parameters":[1,1,0,50,3]},{"code":213,"indent":2,"parameters":[-1,1,false]},{"code":101,"indent":2,"parameters":["",0,0,2]},{"code":401,"indent":2,"parameters":["You caught a \\I[260] \\C[6]Small Fish\\C[0]!"]},{"code":126,"indent":2,"parameters":[5,0,0,1]},{"code":0,"indent":2,"parameters":[]},{"code":411,"indent":1,"parameters":[]},{"code":101,"indent":2,"parameters":["",0,0,2]},{"code":401,"indent":2,"parameters":["Looks like the fish aren't biting today..."]},{"code":0,"indent":2,"parameters":[]},{"code":412,"indent":1,"parameters":[]},{"code":0,"indent":1,"parameters":[]},{"code":402,"indent":0,"parameters":[1,"No"]},{"code":0,"indent":1,"parameters":[]},{"code":404,"indent":0,"parameters":[]},{"code":0,"indent":0,"parameters":[]}],"name":"Fishing_lake_ocean","switchId":1,"trigger":0},
{"id":9,"list":[{"code":0,"indent":0,"parameters":[]}],"name":"","switchId":1,"trigger":0},
{"id":10,"list":[{"code":101,"indent":0,"parameters":["",0,0,2]},{"code":401,"indent":0,"parameters":["What do you want to cook?"]},{"code":111,"indent":0,"parameters":[0,4,0]},{"code":102,"indent":1,"parameters":[["Fish Soup","Back"],1,0,2,0]},{"code":402,"indent":1,"parameters":[0,"Fish Soup"]},{"code":102,"indent":2,"parameters":[["Small","Medium","Large"],1,0,2,0]},{"code":402,"indent":2,"parameters":[0,"Small"]},{"code":111,"indent":3,"parameters":[8,11]},{"code":111,"indent":4,"parameters":[8,5]},{"code":101,"indent":5,"parameters":["",0,0,2]},{"code":401,"indent":5,"parameters":["You cooked \\I[22] \\c[1]Fish Soup (Small)\\c[0]!"]},{"code":126,"indent":5,"parameters":[17,0,0,1]},{"code":126,"indent":5,"parameters":[16,1,0,1]},{"code":126,"indent":5,"parameters":[11,1,0,1]},{"code":0,"indent":5,"parameters":[]},{"code":411,"indent":4,"parameters":[]},{"code":101,"indent":5,"parameters":["",0,0,2]},{"code":401,"indent":5,"parameters":["You need a \\I[260] \\C[6]Small Fish\\C[0]! Try fishing in a pond!"]},{"code":0,"indent":5,"parameters":[]},{"code":412,"indent":4,"parameters":[]},{"code":0,"indent":4,"parameters":[]},{"code":411,"indent":3,"parameters":[]},{"code":101,"indent":4,"parameters":["",0,0,2]},{"code":401,"indent":4,"parameters":["You need \\I[228] \\C[1]Water\\C[0]! Is there a well around?"]},{"code":0,"indent":4,"parameters":[]},{"code":412,"indent":3,"parameters":[]},{"code":0,"indent":3,"parameters":[]},{"code":402,"indent":2,"parameters":[1,"Medium"]},{"code":111,"indent":3,"parameters":[8,12]},{"code":111,"indent":4,"parameters":[8,6]},{"code":101,"indent":5,"parameters":["",0,0,2]},{"code":401,"indent":5,"parameters":["You cooked \\I[22] \\c[1]Fish Soup (Medium)\\c[0]!"]},{"code":126,"indent":5,"parameters":[18,0,0,1]},{"code":126,"indent":5,"parameters":[16,1,0,1]},{"code":126,"indent":5,"parameters":[12,1,0,1]},{"code":0,"indent":5,"parameters":[]},{"code":411,"indent":4,"parameters":[]},{"code":101,"indent":5,"parameters":["",0,0,2]},{"code":401,"indent":5,"parameters":["You need a \\I[260] \\C[6]Fish\\C[0]! Try fishing in a river!"]},{"code":0,"indent":5,"parameters":[]},{"code":412,"indent":4,"parameters":[]},{"code":0,"indent":4,"parameters":[]},{"code":411,"indent":3,"parameters":[]},{"code":101,"indent":4,"parameters":["",0,0,2]},{"code":401,"indent":4,"parameters":["You need \\I[228] \\C[1]Water\\C[0]! Is there a well around?"]},{"code":0,"indent":4,"parameters":[]},{"code":412,"indent":3,"parameters":[]},{"code":0,"indent":3,"parameters":[]},{"code":402,"indent":2,"parameters":[2,"Large"]},{"code":111,"indent":3,"parameters":[8,19]},{"code":111,"indent":4,"parameters":[8,6]},{"code":101,"indent":5,"parameters":["",0,0,2]},{"code":401,"indent":5,"parameters":["You cooked \\I[22] \\c[1]Fish Soup (Large)\\c[0]!"]},{"code":126,"indent":5,"parameters":[19,0,0,1]},{"code":126,"indent":5,"parameters":[16,1,0,1]},{"code":126,"indent":5,"parameters":[13,1,0,1]},{"code":0,"indent":5,"parameters":[]},{"code":411,"indent":4,"parameters":[]},{"code":101,"indent":5,"parameters":["",0,0,2]},{"code":401,"indent":5,"parameters":["You need a \\I[260] \\C[6]Large Fish\\C[0]! Try fishing in a lake, or the ocean!"]},{"code":0,"indent":5,"parameters":[]},{"code":412,"indent":4,"parameters":[]},{"code":0,"indent":4,"parameters":[]},{"code":411,"indent":3,"parameters":[]},{"code":101,"indent":4,"parameters":["",0,0,2]},{"code":401,"indent":4,"parameters":["You need \\I[228] \\C[1]Water\\C[0]! Is there a well around?"]},{"code":0,"indent":4,"parameters":[]},{"code":412,"indent":3,"parameters":[]},{"code":0,"indent":3,"parameters":[]},{"code":404,"indent":2,"parameters":[]},{"code":0,"indent":2,"parameters":[]},{"code":402,"indent":1,"parameters":[1,"Back"]},{"code":0,"indent":2,"parameters":[]},{"code":404,"indent":1,"parameters":[]},{"code":0,"indent":1,"parameters":[]},{"code":412,"indent":0,"parameters":[]},{"code":0,"indent":0,"parameters":[]}],"name":"Cooking","switchId":1,"trigger":0},
{"id":11,"list":[{"code":101,"indent":0,"parameters":["",0,0,2]},{"code":401,"indent":0,"parameters":["Veiw your recipes?"]},{"code":102,"indent":0,"parameters":[["Yes","No"],1,0,2,0]},{"code":402,"indent":0,"parameters":[0,"Yes"]},{"code":111,"indent":1,"parameters":[0,2,0]},{"code":102,"indent":2,"parameters":[["Fish Soup"],-1,0,2,0]},{"code":402,"indent":2,"parameters":[0,"Fish Soup"]},{"code":101,"indent":3,"parameters":["",0,0,2]},{"code":401,"indent":3,"parameters":["Makes 1 Fish Soup"]},{"code":401,"indent":3,"parameters":["Required Ingredients: 1 Water, 1 Fish (Any size)"]},{"code":401,"indent":3,"parameters":["Serving sizes: Small, Medium, Large"]},{"code":0,"indent":3,"parameters":[]},{"code":404,"indent":2,"parameters":[]},{"code":0,"indent":2,"parameters":[]},{"code":412,"indent":1,"parameters":[]},{"code":111,"indent":1,"parameters":[0,3,0]},{"code":102,"indent":2,"parameters":[["Beef Soup"],-1,0,2,0]},{"code":402,"indent":2,"parameters":[0,"Beef Soup"]},{"code":101,"indent":3,"parameters":["",0,0,2]},{"code":401,"indent":3,"parameters":["Makes 1 Beef Soup"]},{"code":401,"indent":3,"parameters":["Required Ingredients: 1 Water, 1 Beef"]},{"code":0,"indent":3,"parameters":[]},{"code":404,"indent":2,"parameters":[]},{"code":0,"indent":2,"parameters":[]},{"code":412,"indent":1,"parameters":[]},{"code":0,"indent":1,"parameters":[]},{"code":402,"indent":0,"parameters":[1,"No"]},{"code":0,"indent":1,"parameters":[]},{"code":404,"indent":0,"parameters":[]},{"code":0,"indent":0,"parameters":[]}],"name":"Recipe Book","switchId":1,"trigger":0},
{"id":12,"list":[{"code":0,"indent":0,"parameters":[]}],"name":"","switchId":1,"trigger":0},
{"id":13,"list":[{"code":0,"indent":0,"parameters":[]}],"name":"","switchId":1,"trigger":0},
{"id":14,"list":[{"code":0,"indent":0,"parameters":[]}],"name":"","switchId":1,"trigger":0},
{"id":15,"list":[{"code":0,"indent":0,"parameters":[]}],"name":"","switchId":1,"trigger":0},
{"id":16,"list":[{"code":0,"indent":0,"parameters":[]}],"name":"","switchId":1,"trigger":0},
{"id":17,"list":[{"code":0,"indent":0,"parameters":[]}],"name":"","switchId":1,"trigger":0},
{"id":18,"list":[{"code":0,"indent":0,"parameters":[]}],"name":"","switchId":1,"trigger":0},
{"id":19,"list":[{"code":0,"indent":0,"parameters":[]}],"name":"","switchId":1,"trigger":0},
{"id":20,"list":[{"code":0,"indent":0,"parameters":[]}],"name":"","switchId":1,"trigger":0}
]